339,2019-09-16 10:00,5,0.15,6e053025-ed52-4726-87d5-3814f8b2c27c,False,True
340,2019-09-16 10:00,5,0.15,fee1d324-164a-4375-a7c0-bd70201f39c9,False,False
341,2019-09-16 10:00,10,0.15,6f01cfb7-9bd0-4202-b137-ba869d9e553c,False,True
342,2019-09-16 10:00,10,0.15,820ce390-47d5-4870-8e2f-3cad63c6363a,False,False
343,2019-09-16 10:00,15,0.15,fee1d324-164a-4375-a7c0-bd70201f39c9,False,True
344,2019-09-16 10:00,15,0.15,34e81b1a-5d68-4d9d-98c7-b061064c5a34,False,False
345,2019-09-16 10:00,20,0.15,85673b46-41fd-494e-a86a-d81da175d008,False,True
346,2019-09-16 10:00,20,0.15,34e81b1a-5d68-4d9d-98c7-b061064c5a34,False,False
347,2019-09-16 10:00,5,0.15,497973f2-9cc5-4770-bba5-a5d835782d56,False,True
348,2019-09-16 10:00,5,0.15,8c42da8c-7204-4fa7-adb0-b89d2e320131,False,False
349,2019-09-16 10:00,10,0.15,cd27502b-8ae6-46a1-986d-a5f0e32b4c12,True,False
350,2019-09-16 10:00,15,0.15,0b933a2a-11b5-4189-9e87-e92af712b421,True,False
351,2019-09-16 10:00,20,0.15,cd27502b-8ae6-46a1-986d-a5f0e32b4c12,True,False
352,2019-09-16 12:00,2,0.15,faa00a99-8ea5-43d2-9f69-f0100a97dc5e,False,True
353,2019-09-16 12:00,2,0.15,7b388736-909d-4c99-82e4-29c2b491235b,False,False
354,2019-09-16 12:00,2,0.15,cd27502b-8ae6-46a1-986d-a5f0e32b4c12,False,True
355,2019-09-16 12:00,2,0.15,6e053025-ed52-4726-87d5-3814f8b2c27c,False,False
356,2019-09-16 12:00,2,0.15,497973f2-9cc5-4770-bba5-a5d835782d56,False,True
357,2019-09-16 12:00,2,0.15,80f24f73-deac-4aa6-aea4-575cb7013be3,False,False
358,2019-09-16 12:00,2,0.15,820ce390-47d5-4870-8e2f-3cad63c6363a,False,True
359,2019-09-16 12:00,2,0.15,9bff437d-1583-4aa1-b770-f6a818a53fb2,False,False
360,2019-09-16 12:00,2,0.15,8c42da8c-7204-4fa7-adb0-b89d2e320131,False,True
361,2019-09-16 12:00,2,0.15,9bff437d-1583-4aa1-b770-f6a818a53fb2,False,False
362,2019-09-16 12:00,2,0.15,082c6389-a826-4c26-9e0f-da72bc488ffa,False,True
363,2019-09-16 12:00,2,0.15,134e6de7-f194-45c5-8cdd-a5ffdf266c7b,False,False
364,2019-09-16 12:00,2,0.15,e9fa8b00-6bfc-4d7f-9a82-4697ea3ce1da,False,True
365,2019-09-16 12:00,2,0.15,cd7425f9-8fc8-4667-91f1-11a959c87639,False,False
366,2019-09-16 12:00,1,0.15,6e053025-ed52-4726-87d5-3814f8b2c27c,False,True
367,2019-09-16 12:00,1,0.15,134e6de7-f194-45c5-8cdd-a5ffdf266c7b,False,False
368,2019-09-16 12:00,1,0.15,6e053025-ed52-4726-87d5-3814f8b2c27c,False,True
369,2019-09-16 12:00,1,0.15,faa00a99-8ea5-43d2-9f69-f0100a97dc5e,False,False
370,2019-09-16 12:00,0.6,0.15,6f01cfb7-9bd0-4202-b137-ba869d9e553c,False,True
371,2019-09-16 12:00,0.6,0.15,80f24f73-deac-4aa6-aea4-575cb7013be3,False,False
372,2019-09-16 12:00,1.4,0.15,88de562f-4226-4caf-80fd-26831899610f,True,False
373,2019-09-16 12:00,2,0.15,0b933a2a-11b5-4189-9e87-e92af712b421,True,False
374,2019-09-16 13:00,2,0.15,8c42da8c-7204-4fa7-adb0-b89d2e320131,False,True
375,2019-09-16 13:00,2,0.15,0b933a2a-11b5-4189-9e87-e92af712b421,False,False
376,2019-09-16 13:00,1.4,0.15,082c6389-a826-4c26-9e0f-da72bc488ffa,False,True
377,2019-09-16 13:00,1.4,0.15,34e81b1a-5d68-4d9d-98c7-b061064c5a34,False,False
378,2019-09-16 17:00,5,0.15,e9fa8b00-6bfc-4d7f-9a82-4697ea3ce1da,False,True
379,2019-09-16 17:00,5,0.15,6f01cfb7-9bd0-4202-b137-ba869d9e553c,False,False
380,2019-09-17 01:00,3,0.15,0b933a2a-11b5-4189-9e87-e92af712b421,False,True
381,2019-09-17 01:00,3,0.15,0b933a2a-11b5-4189-9e87-e92af712b421,False,False
382,2019-09-17 01:00,3.6,0.15,e9fa8b00-6bfc-4d7f-9a82-4697ea3ce1da,False,True
383,2019-09-17 01:00,3.6,0.15,d404b8a9-8247-4f1f-85c1-07171f503a3f,False,False
384,2019-09-17 04:00,3.4,0.15,820ce390-47d5-4870-8e2f-3cad63c6363a,False,True
385,2019-09-17 04:00,3.4,0.15,d404b8a9-8247-4f1f-85c1-07171f503a3f,False,False
386,2019-09-17 12:00,2,0.15,cd7425f9-8fc8-4667-91f1-11a959c87639,False,True
387,2019-09-17 12:00,2,0.15,6e053025-ed52-4726-87d5-3814f8b2c27c,False,False
388,2019-09-17 12:00,3.6,0.15,d404b8a9-8247-4f1f-85c1-07171f503a3f,False,True
389,2019-09-17 12:00,3.6,0.15,0b933a2a-11b5-4189-9e87-e92af712b421,False,False
390,2019-09-17 12:00,3,0.15,ee086473-da56-41a2-af66-7dc9d3729574,False,True
391,2019-09-17 12:00,3,0.15,790afc22-e36c-460d-a50b-eece3ef70530,False,False
392,2019-09-17 12:00,6.4,0.15,fee1d324-164a-4375-a7c0-bd70201f39c9,False,True
393,2019-09-17 12:00,6.4,0.15,497973f2-9cc5-4770-bba5-a5d835782d56,False,False
394,2019-09-16 13:00,6.6,0.15,8c42da8c-7204-4fa7-adb0-b89d2e320131,False,True
395,2019-09-16 13:00,6.6,0.15,9bff437d-1583-4aa1-b770-f6a818a53fb2,False,False
396,2019-09-16 14:00,6.6,0.15,820ce390-47d5-4870-8e2f-3cad63c6363a,False,True
397,2019-09-16 14:00,6.6,0.15,0b933a2a-11b5-4189-9e87-e92af712b421,False,False
398,2019-09-16 15:00,2.8,0.15,faa00a99-8ea5-43d2-9f69-f0100a97dc5e,False,True
399,2019-09-16 15:00,2.8,0.15,497973f2-9cc5-4770-bba5-a5d835782d56,False,False
400,2019-09-16 15:00,3.8,0.15,0b933a2a-11b5-4189-9e87-e92af712b421,False,True
401,2019-09-16 15:00,3.8,0.15,cd7425f9-8fc8-4667-91f1-11a959c87639,False,False
402,2019-09-17 00:00,2,0.15,34e81b1a-5d68-4d9d-98c7-b061064c5a34,False,True
403,2019-09-17 00:00,2,0.15,cd27502b-8ae6-46a1-986d-a5f0e32b4c12,False,False
404,2019-09-17 00:00,4.6,0.15,497973f2-9cc5-4770-bba5-a5d835782d56,False,True
405,2019-09-17 00:00,4.6,0.15,34e81b1a-5d68-4d9d-98c7-b061064c5a34,False,False
406,2019-09-17 01:00,6.6,0.15,134e6de7-f194-45c5-8cdd-a5ffdf266c7b,False,True
407,2019-09-17 01:00,6.6,0.15,cd7425f9-8fc8-4667-91f1-11a959c87639,False,False
408,2019-09-17 02:00,3,0.15,88de562f-4226-4caf-80fd-26831899610f,False,True
409,2019-09-17 02:00,3,0.15,820ce390-47d5-4870-8e2f-3cad63c6363a,False,False
410,2019-09-17 02:00,3.6,0.15,a9da08dc-2eeb-4560-9dd2-dabc004e4316,False,True
411,2019-09-17 02:00,3.6,0.15,6e053025-ed52-4726-87d5-3814f8b2c27c,False,False
412,2019-09-17 00:00,6.6,0.15,88de562f-4226-4caf-80fd-26831899610f,False,True
413,2019-09-17 00:00,6.6,0.15,e9fa8b00-6bfc-4d7f-9a82-4697ea3ce1da,False,False
414,2019-09-17 01:00,6.6,0.15,d404b8a9-8247-4f1f-85c1-07171f503a3f,False,True
415,2019-09-17 01:00,6.6,0.15,e9fa8b00-6bfc-4d7f-9a82-4697ea3ce1da,False,False
416,2019-09-17 02:00,3.8,0.15,faa00a99-8ea5-43d2-9f69-f0100a97dc5e,False,True
417,2019-09-17 02:00,3.8,0.15,6e053025-ed52-4726-87d5-3814f8b2c27c,False,False
418,2019-09-17 02:00,2.8,0.15,6f01cfb7-9bd0-4202-b137-ba869d9e553c,False,True
419,2019-09-17 02:00,2.8,0.15,d404b8a9-8247-4f1f-85c1-07171f503a3f,False,False
420,2019-09-17 03:00,6.6,0.15,8c42da8c-7204-4fa7-adb0-b89d2e320131,False,True
421,2019-09-17 03:00,6.6,0.15,34e81b1a-5d68-4d9d-98c7-b061064c5a34,False,False
422,2019-09-17 00:00,6.6,0.15,082c6389-a826-4c26-9e0f-da72bc488ffa,False,True
423,2019-09-17 00:00,6.6,0.15,820ce390-47d5-4870-8e2f-3cad63c6363a,False,False
424,2019-09-17 01:00,6.6,0.15,80f24f73-deac-4aa6-aea4-575cb7013be3,False,True
425,2019-09-17 01:00,6.6,0.15,9bff437d-1583-4aa1-b770-f6a818a53fb2,False,False
426,2019-09-17 02:00,6.6,0.15,faa00a99-8ea5-43d2-9f69-f0100a97dc5e,False,True
427,2019-09-17 02:00,6.6,0.15,820ce390-47d5-4870-8e2f-3cad63c6363a,False,False
428,2019-09-17 03:00,0.8,0.15,cd27502b-8ae6-46a1-986d-a5f0e32b4c12,False,True
429,2019-09-17 03:00,0.8,0.15,faa00a99-8ea5-43d2-9f69-f0100a97dc5e,False,False
430,2019-09-17 14:00,0.8,0.15,082c6389-a826-4c26-9e0f-da72bc488ffa,False,True
431,2019-09-17 14:00,0.8,0.15,cd27502b-8ae6-46a1-986d-a5f0e32b4c12,False,False
432,2019-09-17 14:00,5.8,0.15,e9fa8b00-6bfc-4d7f-9a82-4697ea3ce1da,False,True
433,2019-09-17 14:00,5.8,0.15,cd27502b-8ae6-46a1-986d-a5f0e32b4c12,False,False
434,2019-09-17 14:00,6.6,0.15,cd27502b-8ae6-46a1-986d-a5f0e32b4c12,False,True
435,2019-09-17 14:00,6.6,0.15,80f24f73-deac-4aa6-aea4-575cb7013be3,False,False
436,2019-09-17 15:00,2,0.15,34e81b1a-5d68-4d9d-98c7-b061064c5a34,False,True
437,2019-09-17 15:00,2,0.15,0b933a2a-11b5-4189-9e87-e92af712b421,False,False
438,2019-09-17 15:00,2,0.15,9bff437d-1583-4aa1-b770-f6a818a53fb2,False,True
439,2019-09-17 15:00,2,0.15,cd7425f9-8fc8-4667-91f1-11a959c87639,False,False
440,2019-09-17 15:00,2,0.15,134e6de7-f194-45c5-8cdd-a5ffdf266c7b,False,True
441,2019-09-17 15:00,2,0.15,85673b46-41fd-494e-a86a-d81da175d008,False,False
442,2019-09-17 15:00,0.6,0.15,faa00a99-8ea5-43d2-9f69-f0100a97dc5e,False,True
443,2019-09-17 15:00,0.6,0.15,cd7425f9-8fc8-4667-91f1-11a959c87639,False,False
444,2019-09-17 16:00,2,0.15,082c6389-a826-4c26-9e0f-da72bc488ffa,False,True
445,2019-09-17 16:00,2,0.15,134e6de7-f194-45c5-8cdd-a5ffdf266c7b,False,False
446,2019-09-17 16:00,2,0.15,cd7425f9-8fc8-4667-91f1-11a959c87639,False,True
447,2019-09-17 16:00,2,0.15,e9fa8b00-6bfc-4d7f-9a82-4697ea3ce1da,False,False
448,2019-09-17 16:00,2,0.15,764dda24-e173-4e70-a821-414058dfb00a,False,True
449,2019-09-17 16:00,2,0.15,34e81b1a-5d68-4d9d-98c7-b061064c5a34,False,False
450,2019-09-17 16:00,0.6,0.15,8c42da8c-7204-4fa7-adb0-b89d2e320131,False,True
451,2019-09-17 16:00,0.6,0.15,790afc22-e36c-460d-a50b-eece3ef70530,False,False
452,2019-09-17 16:00,2.8,0.15,d404b8a9-8247-4f1f-85c1-07171f503a3f,False,True
453,2019-09-17 16:00,2.8,0.15,497973f2-9cc5-4770-bba5-a5d835782d56,False,False
454,2019-09-17 16:00,21.6,0.15,497973f2-9cc5-4770-bba5-a5d835782d56,False,True
455,2019-09-17 16:00,21.6,0.15,082c6389-a826-4c26-9e0f-da72bc488ffa,False,False
456,2019-09-17 16:00,5.6,0.15,80f24f73-deac-4aa6-aea4-575cb7013be3,False,True
457,2019-09-17 16:00,5.6,0.15,fee1d324-164a-4375-a7c0-bd70201f39c9,False,False
458,2019-09-17 16:00,28.4,0.15,9bff437d-1583-4aa1-b770-f6a818a53fb2,True,False
459,2019-09-17 16:00,34,0.15,6e053025-ed52-4726-87d5-3814f8b2c27c,True,False
460,2019-09-17 16:00,34,0.15,34e81b1a-5d68-4d9d-98c7-b061064c5a34,True,False
461,2019-09-17 16:00,34,0.15,80f24f73-deac-4aa6-aea4-575cb7013be3,True,False
462,2019-09-17 16:00,34,0.15,9bff437d-1583-4aa1-b770-f6a818a53fb2,True,False
463,2019-09-17 17:00,2,0.15,b30cb197-2b1b-4d76-a94c-dd58cdeba618,False,True
464,2019-09-17 17:00,2,0.15,ee086473-da56-41a2-af66-7dc9d3729574,False,False
465,2019-09-17 17:00,2,0.15,faa00a99-8ea5-43d2-9f69-f0100a97dc5e,False,True
466,2019-09-17 17:00,2,0.15,34e81b1a-5d68-4d9d-98c7-b061064c5a34,False,False
467,2019-09-17 17:00,2,0.15,cd27502b-8ae6-46a1-986d-a5f0e32b4c12,False,True
468,2019-09-17 17:00,2,0.15,34e81b1a-5d68-4d9d-98c7-b061064c5a34,False,False
469,2019-09-17 17:00,0.6,0.15,e9fa8b00-6bfc-4d7f-9a82-4697ea3ce1da,False,True
470,2019-09-17 17:00,0.6,0.15,fee1d324-164a-4375-a7c0-bd70201f39c9,False,False
471,2019-09-17 18:00,1.4,0.15,cd27502b-8ae6-46a1-986d-a5f0e32b4c12,False,True
472,2019-09-17 18:00,1.4,0.15,6e053025-ed52-4726-87d5-3814f8b2c27c,False,False
473,2019-09-17 18:00,2,0.15,e9fa8b00-6bfc-4d7f-9a82-4697ea3ce1da,False,True
474,2019-09-17 18:00,2,0.15,34e81b1a-5d68-4d9d-98c7-b061064c5a34,False,False
475,2019-09-17 18:00,2,0.15,764dda24-e173-4e70-a821-414058dfb00a,False,True
476,2019-09-17 18:00,2,0.15,0b933a2a-11b5-4189-9e87-e92af712b421,False,False
477,2019-09-17 18:00,1.2,0.15,faa00a99-8ea5-43d2-9f69-f0100a97dc5e,False,True
478,2019-09-17 18:00,1.2,0.15,b30cb197-2b1b-4d76-a94c-dd58cdeba618,False,False
479,2019-09-17 18:00,0.8,0.15,80f24f73-deac-4aa6-aea4-575cb7013be3,True,False
480,2019-09-17 18:00,2,0.15,9bff437d-1583-4aa1-b770-f6a818a53fb2,True,False
481,2019-09-17 18:00,2,0.15,85673b46-41fd-494e-a86a-d81da175d008,True,False
482,2019-09-17 18:00,2,0.15,b30cb197-2b1b-4d76-a94c-dd58cdeba618,True,False
483,2019-09-17 19:00,6.6,0.15,fee1d324-164a-4375-a7c0-bd70201f39c9,True,True
484,2019-09-17 20:00,6.6,0.15,ee086473-da56-41a2-af66-7dc9d3729574,True,True
485,2019-09-17 21:00,6.6,0.15,497973f2-9cc5-4770-bba5-a5d835782d56,True,True
486,2019-09-17 22:00,6.6,0.15,0b933a2a-11b5-4189-9e87-e92af712b421,True,True
487,2019-09-17 23:00,6.6,0.15,764dda24-e173-4e70-a821-414058dfb00a,True,True
488,2019-09-18 00:00,6.6,0.15,fee1d324-164a-4375-a7c0-bd70201f39c9,True,True
489,2019-09-18 01:00,6.6,0.15,d404b8a9-8247-4f1f-85c1-07171f503a3f,True,True
490,2019-09-18 01:00,6.6,0.15,a9da08dc-2eeb-4560-9dd2-dabc004e4316,True,True
491,2019-09-18 02:00,6.6,0.15,820ce390-47d5-4870-8e2f-3cad63c6363a,True,True
492,2019-09-18 02:00,6.6,0.15,cd7425f9-8fc8-4667-91f1-11a959c87639,True,True
493,2019-09-18 03:00,6.6,0.15,e9fa8b00-6bfc-4d7f-9a82-4697ea3ce1da,True,True
494,2019-09-18 03:00,1.8,0.15,0b933a2a-11b5-4189-9e87-e92af712b421,True,True
495,2019-09-18 04:00,6.6,0.15,fee1d324-164a-4375-a7c0-bd70201f39c9,True,True
496,2019-09-18 05:00,6.6,0.15,d404b8a9-8247-4f1f-85c1-07171f503a3f,True,True
497,2019-09-18 06:00,6.6,0.15,faa00a99-8ea5-43d2-9f69-f0100a97dc5e,True,True
498,2019-09-18 07:00,6.6,0.15,820ce390-47d5-4870-8e2f-3cad63c6363a,True,True
499,2019-09-18 08:00,6.6,0.15,88de562f-4226-4caf-80fd-26831899610f,True,True
500,2019-09-18 09:00,6.6,0.15,ee086473-da56-41a2-af66-7dc9d3729574,True,True
501,2019-09-18 10:00,6.6,0.15,134e6de7-f194-45c5-8cdd-a5ffdf266c7b,True,True
502,2019-09-18 10:00,5,0.15,cd7425f9-8fc8-4667-91f1-11a959c87639,True,True
503,2019-09-18 11:00,6.6,0.15,6f01cfb7-9bd0-4202-b137-ba869d9e553c,True,True
504,2019-09-18 12:00,2,0.15,d404b8a9-8247-4f1f-85c1-07171f503a3f,False,True
505,2019-09-18 12:00,2,0.15,d404b8a9-8247-4f1f-85c1-07171f503a3f,False,False
506,2019-09-18 12:00,2,0.15,cd27502b-8ae6-46a1-986d-a5f0e32b4c12,False,True
507,2019-09-18 12:00,2,0.15,faa00a99-8ea5-43d2-9f69-f0100a97dc5e,False,False
508,2019-09-18 12:00,2,0.15,ee086473-da56-41a2-af66-7dc9d3729574,False,True
509,2019-09-18 12:00,2,0.15,790afc22-e36c-460d-a50b-eece3ef70530,False,False
510,2019-09-18 12:00,0.6,0.15,082c6389-a826-4c26-9e0f-da72bc488ffa,False,True
511,2019-09-18 12:00,0.6,0.15,cd27502b-8ae6-46a1-986d-a5f0e32b4c12,False,False
512,2019-09-18 12:00,1.4,0.15,8c42da8c-7204-4fa7-adb0-b89d2e320131,False,True
513,2019-09-18 12:00,1.4,0.15,85673b46-41fd-494e-a86a-d81da175d008,False,False
514,2019-09-18 12:00,2,0.15,cd27502b-8ae6-46a1-986d-a5f0e32b4c12,False,True
515,2019-09-18 12:00,2,0.15,d404b8a9-8247-4f1f-85c1-07171f503a3f,False,False
516,2019-09-18 12:00,2,0.15,082c6389-a826-4c26-9e0f-da72bc488ffa,False,True
517,2019-09-18 12:00,2,0.15,b30cb197-2b1b-4d76-a94c-dd58cdeba618,False,False
518,2019-09-18 12:00,1.2,0.15,134e6de7-f194-45c5-8cdd-a5ffdf266c7b,False,True
519,2019-09-18 12:00,1.2,0.15,764dda24-e173-4e70-a821-414058dfb00a,False,False
520,2019-09-18 12:00,0.8,0.15,ee086473-da56-41a2-af66-7dc9d3729574,True,False
521,2019-09-18 12:00,2,0.15,34e81b1a-5d68-4d9d-98c7-b061064c5a34,True,False
522,2019-09-18 12:00,2,0.15,9bff437d-1583-4aa1-b770-f6a818a53fb2,True,False
523,2019-09-18 12:00,2,0.15,b30cb197-2b1b-4d76-a94c-dd58cdeba618,True,False
524,2019-09-18 13:00,2,0.15,764dda24-e173-4e70-a821-414058dfb00a,False,True
525,2019-09-18 13:00,2,0.15,8c42da8c-7204-4fa7-adb0-b89d2e320131,False,False
526,2019-09-18 13:00,2,0.15,820ce390-47d5-4870-8e2f-3cad63c6363a,False,True
527,2019-09-18 13:00,2,0.15,790afc22-e36c-460d-a50b-eece3ef70530,False,False
528,2019-09-18 13:00,2,0.15,88de562f-4226-4caf-80fd-26831899610f,False,True
529,2019-09-18 13:00,2,0.15,faa00a99-8ea5-43d2-9f69-f0100a97dc5e,False,False
530,2019-09-18 13:00,0.6,0.15,8c42da8c-7204-4fa7-adb0-b89d2e320131,False,True
531,2019-09-18 13:00,0.6,0.15,6f01cfb7-9bd0-4202-b137-ba869d9e553c,False,False
532,2019-09-18 13:00,1.4,0.15,790afc22-e36c-460d-a50b-eece3ef70530,False,True
533,2019-09-18 13:00,1.4,0.15,0b933a2a-11b5-4189-9e87-e92af712b421,False,False
534,2019-09-18 13:00,2,0.15,88de562f-4226-4caf-80fd-26831899610f,False,True
535,2019-09-18 13:00,2,0.15,6f01cfb7-9bd0-4202-b137-ba869d9e553c,False,False
536,2019-09-18 13:00,2,0.15,cd7425f9-8fc8-4667-91f1-11a959c87639,False,True
537,2019-09-18 13:00,2,0.15,134e6de7-f194-45c5-8cdd-a5ffdf266c7b,False,False
538,2019-09-18 13:00,1.2,0.15,6f01cfb7-9bd0-4202-b137-ba869d9e553c,False,True
539,2019-09-18 13:00,1.2,0.15,790afc22-e36c-460d-a50b-eece3ef70530,False,False
540,2019-09-18 13:00,0.8,0.15,b30cb197-2b1b-4d76-a94c-dd58cdeba618,True,False
541,2019-09-18 13:00,2,0.15,88de562f-4226-4caf-80fd-26831899610f,True,False
542,2019-09-18 13:00,2,0.15,0b933a2a-11b5-4189-9e87-e92af712b421,True,False
543,2019-09-18 13:00,2,0.15,faa00a99-8ea5-43d2-9f69-f0100a97dc5e,True,False
544,2019-09-18 14:00,2,0.15,6e053025-ed52-4726-87d5-3814f8b2c27c,False,True
545,2019-09-18 14:00,2,0.15,134e6de7-f194-45c5-8cdd-a5ffdf266c7b,False,False
546,2019-09-18 14:00,2,0.15,a9da08dc-2eeb-4560-9dd2-dabc004e4316,False,True
547,2019-09-18 14:00,2,0.15,764dda24-e173-4e70-a821-414058dfb00a,False,False
548,2019-09-18 14:00,2,0.15,ee086473-da56-41a2-af66-7dc9d3729574,False,True
549,2019-09-18 14:00,2,0.15,80f24f73-deac-4aa6-aea4-575cb7013be3,False,False
550,2019-09-18 14:00,0.6,0.15,764dda24-e173-4e70-a821-414058dfb00a,False,True
551,2019-09-18 14:00,0.6,0.15,820ce390-47d5-4870-8e2f-3cad63c6363a,False,False
552,2019-09-18 14:00,1.4,0.15,6f01cfb7-9bd0-4202-b137-ba869d9e553c,False,True
553,2019-09-18 14:00,1.4,0.15,80f24f73-deac-4aa6-aea4-575cb7013be3,False,False
554,2019-09-18 14:00,2,0.15,820ce390-47d5-4870-8e2f-3cad63c6363a,False,True
555,2019-09-18 14:00,2,0.15,790afc22-e36c-460d-a50b-eece3ef70530,False,False
556,2019-09-18 14:00,0.4,0.15,134e6de7-f194-45c5-8cdd-a5ffdf266c7b,False,True
557,2019-09-18 14:00,0.4,0.15,cd27502b-8ae6-46a1-986d-a5f0e32b4c12,False,False
558,2019-09-18 14:00,1.6,0.15,faa00a99-8ea5-43d2-9f69-f0100a97dc5e,False,True
559,2019-09-18 14:00,1.6,0.15,082c6389-a826-4c26-9e0f-da72bc488ffa,False,False
560,2019-09-18 14:00,2,0.15,d404b8a9-8247-4f1f-85c1-07171f503a3f,False,True
561,2019-09-18 14:00,2,0.15,e9fa8b00-6bfc-4d7f-9a82-4697ea3ce1da,False,False
562,2019-09-18 14:00,2,0.15,faa00a99-8ea5-43d2-9f69-f0100a97dc5e,False,True
563,2019-09-18 14:00,2,0.15,820ce390-47d5-4870-8e2f-3cad63c6363a,False,False
564,2019-09-18 14:00,2,0.15,cd7425f9-8fc8-4667-91f1-11a959c87639,False,True
565,2019-09-18 14:00,2,0.15,820ce390-47d5-4870-8e2f-3cad63c6363a,False,False
566,2019-09-18 14:00,0.4,0.15,9bff437d-1583-4aa1-b770-f6a818a53fb2,False,True
567,2019-09-18 14:00,0.4,0.15,b30cb197-2b1b-4d76-a94c-dd58cdeba618,False,False
568,2019-09-18 14:00,1.6,0.15,8c42da8c-7204-4fa7-adb0-b89d2e320131,True,False
569,2019-09-18 15:00,2,0.15,082c6389-a826-4c26-9e0f-da72bc488ffa,False,True
570,2019-09-18 15:00,2,0.15,497973f2-9cc5-4770-bba5-a5d835782d56,False,False
571,2019-09-18 15:00,2,0.15,b30cb197-2b1b-4d76-a94c-dd58cdeba618,False,True
572,2019-09-18 15:00,2,0.15,cd27502b-8ae6-46a1-986d-a5f0e32b4c12,False,False
573,2019-09-18 15:00,2,0.15,764dda24-e173-4e70-a821-414058dfb00a,False,True
574,2019-09-18 15:00,2,0.15,85673b46-41fd-494e-a86a-d81da175d008,False,False
575,2019-09-18 15:00,0.6,0.15,cd7425f9-8fc8-4667-91f1-11a959c87639,False,True
576,2019-09-18 15:00,0.6,0.15,34e81b1a-5d68-4d9d-98c7-b061064c5a34,False,False
577,2019-09-18 15:00,1.4,0.15,88de562f-4226-4caf-80fd-26831899610f,False,True
578,2019-09-18 15:00,1.4,0.15,7b388736-909d-4c99-82e4-29c2b491235b,False,False
579,2019-09-18 15:00,2,0.15,0b933a2a-11b5-4189-9e87-e92af712b421,False,True
580,2019-09-18 15:00,2,0.15,ee086473-da56-41a2-af66-7dc9d3729574,False,False
581,2019-09-18 15:00,2,0.15,e9fa8b00-6bfc-4d7f-9a82-4697ea3ce1da,False,True
582,2019-09-18 15:00,2,0.15,497973f2-9cc5-4770-bba5-a5d835782d56,False,False
583,2019-09-18 15:00,2,0.15,9bff437d-1583-4aa1-b770-f6a818a53fb2,False,True
584,2019-09-18 15:00,2,0.15,b30cb197-2b1b-4d76-a94c-dd58cdeba618,False,False
585,2019-09-18 15:00,2,0.15,a9da08dc-2eeb-4560-9dd2-dabc004e4316,False,True
586,2019-09-18 15:00,2,0.15,6f01cfb7-9bd0-4202-b137-ba869d9e553c,False,False
587,2019-09-18 15:00,2,0.15,0b933a2a-11b5-4189-9e87-e92af712b421,False,True
588,2019-09-18 15:00,2,0.15,764dda24-e173-4e70-a821-414058dfb00a,False,False
589,2019-09-18 15:00,2,0.15,cd7425f9-8fc8-4667-91f1-11a959c87639,False,True
590,2019-09-18 15:00,2,0.15,88de562f-4226-4caf-80fd-26831899610f,False,False
591,2019-09-18 15:00,6.6,0.15,80f24f73-deac-4aa6-aea4-575cb7013be3,True,True
592,2019-09-18 16:00,2,0.15,e9fa8b00-6bfc-4d7f-9a82-4697ea3ce1da,False,True
593,2019-09-18 16:00,2,0.15,a9da08dc-2eeb-4560-9dd2-dabc004e4316,False,False
594,2019-09-18 16:00,2,0.15,7b388736-909d-4c99-82e4-29c2b491235b,False,True
595,2019-09-18 16:00,2,0.15,b30cb197-2b1b-4d76-a94c-dd58cdeba618,False,False
596,2019-09-18 16:00,2,0.15,790afc22-e36c-460d-a50b-eece3ef70530,False,True
597,2019-09-18 16:00,2,0.15,faa00a99-8ea5-43d2-9f69-f0100a97dc5e,False,False
598,2019-09-18 16:00,0.6,0.15,85673b46-41fd-494e-a86a-d81da175d008,False,True
599,2019-09-18 16:00,0.6,0.15,ee086473-da56-41a2-af66-7dc9d3729574,False,False
600,2019-09-18 17:00,2,0.15,80f24f73-deac-4aa6-aea4-575cb7013be3,False,True
601,2019-09-18 17:00,2,0.15,497973f2-9cc5-4770-bba5-a5d835782d56,False,False
602,2019-09-18 17:00,2,0.15,6e053025-ed52-4726-87d5-3814f8b2c27c,False,True
603,2019-09-18 17:00,2,0.15,88de562f-4226-4caf-80fd-26831899610f,False,False
604,2019-09-18 17:00,2,0.15,9bff437d-1583-4aa1-b770-f6a818a53fb2,False,True
605,2019-09-18 17:00,2,0.15,80f24f73-deac-4aa6-aea4-575cb7013be3,False,False
606,2019-09-18 17:00,0.6,0.15,34e81b1a-5d68-4d9d-98c7-b061064c5a34,False,True
607,2019-09-18 17:00,0.6,0.15,85673b46-41fd-494e-a86a-d81da175d008,False,False
608,2019-09-18 18:00,2.8,0.15,497973f2-9cc5-4770-bba5-a5d835782d56,False,True
609,2019-09-18 18:00,2.8,0.15,7b388736-909d-4c99-82e4-29c2b491235b,False,False
610,2019-09-18 18:00,1.15E-14,0.15,8c42da8c-7204-4fa7-adb0-b89d2e320131,False,True
611,2019-09-18 18:00,1.15E-14,0.15,85673b46-41fd-494e-a86a-d81da175d008,False,False
612,2019-09-18 23:00,4,0.15,082c6389-a826-4c26-9e0f-da72bc488ffa,False,True
613,2019-09-18 23:00,4,0.15,34e81b1a-5d68-4d9d-98c7-b061064c5a34,False,False
614,2019-09-18 23:00,1,0.15,e9fa8b00-6bfc-4d7f-9a82-4697ea3ce1da,False,True
615,2019-09-18 23:00,1,0.15,b30cb197-2b1b-4d76-a94c-dd58cdeba618,False,False
616,2019-09-18 23:00,3,0.15,fee1d324-164a-4375-a7c0-bd70201f39c9,True,False
617,2019-09-18 23:00,4,0.15,764dda24-e173-4e70-a821-414058dfb00a,True,False
618,2019-09-18 23:00,4,0.15,fee1d324-164a-4375-a7c0-bd70201f39c9,True,False
619,2019-09-18 23:00,4,0.15,88de562f-4226-4caf-80fd-26831899610f,True,False
620,2019-09-18 23:00,4,0.15,8c42da8c-7204-4fa7-adb0-b89d2e320131,True,False
621,2019-09-19 08:00,5,0.15,faa00a99-8ea5-43d2-9f69-f0100a97dc5e,True,True
622,2019-09-19 10:00,5,0.15,820ce390-47d5-4870-8e2f-3cad63c6363a,True,True
623,2019-09-19 23:00,6.6,0.15,082c6389-a826-4c26-9e0f-da72bc488ffa,False,True
624,2019-09-19 23:00,6.6,0.15,cd7425f9-8fc8-4667-91f1-11a959c87639,False,False
625,2019-09-19 23:00,5.4,0.15,082c6389-a826-4c26-9e0f-da72bc488ffa,False,True
626,2019-09-19 23:00,5.4,0.15,820ce390-47d5-4870-8e2f-3cad63c6363a,False,False
627,2019-09-19 23:00,12,0.15,6f01cfb7-9bd0-4202-b137-ba869d9e553c,False,True
628,2019-09-19 23:00,12,0.15,0b933a2a-11b5-4189-9e87-e92af712b421,False,False
629,2019-09-19 23:00,2.6,0.15,cd27502b-8ae6-46a1-986d-a5f0e32b4c12,False,True
630,2019-09-19 23:00,2.6,0.15,134e6de7-f194-45c5-8cdd-a5ffdf266c7b,False,False
631,2019-09-20 00:00,6.6,0.15,497973f2-9cc5-4770-bba5-a5d835782d56,False,True
632,2019-09-20 00:00,6.6,0.15,497973f2-9cc5-4770-bba5-a5d835782d56,False,False
633,2019-09-20 01:00,2.8,0.15,80f24f73-deac-4aa6-aea4-575cb7013be3,False,True
634,2019-09-20 01:00,2.8,0.15,a9da08dc-2eeb-4560-9dd2-dabc004e4316,False,False
635,2019-09-20 01:00,3.8,0.15,7b388736-909d-4c99-82e4-29c2b491235b,False,True
636,2019-09-20 01:00,3.8,0.15,497973f2-9cc5-4770-bba5-a5d835782d56,False,False
637,2019-09-20 02:00,0.2,0.15,497973f2-9cc5-4770-bba5-a5d835782d56,False,True
638,2019-09-20 02:00,0.2,0.15,7b388736-909d-4c99-82e4-29c2b491235b,False,False
639,2019-09-20 03:00,5,0.15,88de562f-4226-4caf-80fd-26831899610f,False,True
640,2019-09-20 03:00,5,0.15,7b388736-909d-4c99-82e4-29c2b491235b,False,False
641,2019-09-20 10:00,3,0.15,082c6389-a826-4c26-9e0f-da72bc488ffa,False,True
642,2019-09-20 10:00,3,0.15,6e053025-ed52-4726-87d5-3814f8b2c27c,False,False
643,2019-09-20 10:00,2,0.15,d404b8a9-8247-4f1f-85c1-07171f503a3f,False,True
644,2019-09-20 10:00,2,0.15,80f24f73-deac-4aa6-aea4-575cb7013be3,False,False
645,2019-09-20 14:00,5,0.15,082c6389-a826-4c26-9e0f-da72bc488ffa,False,True
646,2019-09-20 14:00,5,0.15,6f01cfb7-9bd0-4202-b137-ba869d9e553c,False,False
647,2019-09-20 22:00,6.6,0.15,8c42da8c-7204-4fa7-adb0-b89d2e320131,False,True
648,2019-09-20 22:00,6.6,0.15,85673b46-41fd-494e-a86a-d81da175d008,False,False
649,2019-09-20 23:00,0.4,0.15,34e81b1a-5d68-4d9d-98c7-b061064c5a34,False,True
650,2019-09-20 23:00,0.4,0.15,7b388736-909d-4c99-82e4-29c2b491235b,False,False
651,2019-09-20 23:00,6.2,0.15,7b388736-909d-4c99-82e4-29c2b491235b,False,True
652,2019-09-20 23:00,6.2,0.15,88de562f-4226-4caf-80fd-26831899610f,False,False
653,2019-09-21 00:00,5.8,0.15,7b388736-909d-4c99-82e4-29c2b491235b,False,True
654,2019-09-21 00:00,5.8,0.15,88de562f-4226-4caf-80fd-26831899610f,False,False
655,2019-09-21 00:00,0.8,0.15,134e6de7-f194-45c5-8cdd-a5ffdf266c7b,False,True
656,2019-09-21 00:00,0.8,0.15,b30cb197-2b1b-4d76-a94c-dd58cdeba618,False,False
657,2019-09-21 01:00,0.2,0.15,764dda24-e173-4e70-a821-414058dfb00a,False,True
658,2019-09-21 01:00,0.2,0.15,082c6389-a826-4c26-9e0f-da72bc488ffa,False,False
659,2019-09-21 13:00,4,0.15,cd7425f9-8fc8-4667-91f1-11a959c87639,False,True
660,2019-09-21 13:00,4,0.15,790afc22-e36c-460d-a50b-eece3ef70530,False,False
661,2019-09-21 13:00,2.6,0.15,7b388736-909d-4c99-82e4-29c2b491235b,False,True
662,2019-09-21 13:00,2.6,0.15,88de562f-4226-4caf-80fd-26831899610f,False,False
663,2019-09-21 14:00,2,0.15,497973f2-9cc5-4770-bba5-a5d835782d56,False,True
664,2019-09-21 14:00,2,0.15,cd27502b-8ae6-46a1-986d-a5f0e32b4c12,False,False
665,2019-09-21 14:00,3.4,0.15,134e6de7-f194-45c5-8cdd-a5ffdf266c7b,False,True
666,2019-09-21 14:00,3.4,0.15,fee1d324-164a-4375-a7c0-bd70201f39c9,False,False
667,2019-09-21 14:00,1.2,0.15,e9fa8b00-6bfc-4d7f-9a82-4697ea3ce1da,False,True
668,2019-09-21 14:00,1.2,0.15,85673b46-41fd-494e-a86a-d81da175d008,False,False
669,2019-09-21 15:00,2,0.15,0b933a2a-11b5-4189-9e87-e92af712b421,False,True
670,2019-09-21 15:00,2,0.15,85673b46-41fd-494e-a86a-d81da175d008,False,False
671,2019-09-21 15:00,2,0.15,790afc22-e36c-460d-a50b-eece3ef70530,False,True
672,2019-09-21 15:00,2,0.15,ee086473-da56-41a2-af66-7dc9d3729574,False,False
673,2019-09-21 15:00,8,0.15,7b388736-909d-4c99-82e4-29c2b491235b,False,True
674,2019-09-21 15:00,8,0.15,0b933a2a-11b5-4189-9e87-e92af712b421,False,False
675,2019-09-21 15:00,4.6,0.15,80f24f73-deac-4aa6-aea4-575cb7013be3,False,True
676,2019-09-21 15:00,4.6,0.15,b30cb197-2b1b-4d76-a94c-dd58cdeba618,False,False
677,2019-09-21 16:00,0.2,0.15,764dda24-e173-4e70-a821-414058dfb00a,False,True
678,2019-09-21 16:00,0.2,0.15,9bff437d-1583-4aa1-b770-f6a818a53fb2,False,False
679,2019-09-21 23:00,3.8,0.15,faa00a99-8ea5-43d2-9f69-f0100a97dc5e,False,True
680,2019-09-21 23:00,3.8,0.15,6f01cfb7-9bd0-4202-b137-ba869d9e553c,False,False
681,2019-09-21 23:00,2.8,0.15,e9fa8b00-6bfc-4d7f-9a82-4697ea3ce1da,False,True
682,2019-09-21 23:00,2.8,0.15,790afc22-e36c-460d-a50b-eece3ef70530,False,False
683,2019-09-21 23:00,1.2,0.15,0b933a2a-11b5-4189-9e87-e92af712b421,False,True
684,2019-09-21 23:00,1.2,0.15,764dda24-e173-4e70-a821-414058dfb00a,False,False
685,2019-09-21 23:00,9.2,0.15,85673b46-41fd-494e-a86a-d81da175d008,False,True
686,2019-09-21 23:00,9.2,0.15,134e6de7-f194-45c5-8cdd-a5ffdf266c7b,False,False
687,2019-09-21 23:00,9.6,0.15,a9da08dc-2eeb-4560-9dd2-dabc004e4316,False,True
688,2019-09-21 23:00,9.6,0.15,d404b8a9-8247-4f1f-85c1-07171f503a3f,False,False
689,2019-09-22 00:00,6.6,0.15,e9fa8b00-6bfc-4d7f-9a82-4697ea3ce1da,False,True
690,2019-09-22 00:00,6.6,0.15,082c6389-a826-4c26-9e0f-da72bc488ffa,False,False
691,2019-09-22 01:00,6.6,0.15,ee086473-da56-41a2-af66-7dc9d3729574,False,True
692,2019-09-22 01:00,6.6,0.15,820ce390-47d5-4870-8e2f-3cad63c6363a,False,False
693,2019-09-22 02:00,0.2,0.15,8c42da8c-7204-4fa7-adb0-b89d2e320131,False,True
694,2019-09-22 02:00,0.2,0.15,8c42da8c-7204-4fa7-adb0-b89d2e320131,False,False
695,2019-09-22 11:00,1,0.15,fee1d324-164a-4375-a7c0-bd70201f39c9,False,True
696,2019-09-22 11:00,1,0.15,0b933a2a-11b5-4189-9e87-e92af712b421,False,False
697,2019-09-22 11:00,4,0.15,fee1d324-164a-4375-a7c0-bd70201f39c9,False,True
698,2019-09-22 11:00,4,0.15,cd27502b-8ae6-46a1-986d-a5f0e32b4c12,False,False
699,2019-09-22 12:00,2,0.15,082c6389-a826-4c26-9e0f-da72bc488ffa,False,True
700,2019-09-22 12:00,2,0.15,820ce390-47d5-4870-8e2f-3cad63c6363a,False,False
701,2019-09-22 12:00,2,0.15,082c6389-a826-4c26-9e0f-da72bc488ffa,False,True
702,2019-09-22 12:00,2,0.15,d404b8a9-8247-4f1f-85c1-07171f503a3f,False,False
703,2019-09-22 12:00,1,0.15,7b388736-909d-4c99-82e4-29c2b491235b,False,True
704,2019-09-22 12:00,1,0.15,a9da08dc-2eeb-4560-9dd2-dabc004e4316,False,False
705,2019-09-22 16:00,6.6,0.15,6e053025-ed52-4726-87d5-3814f8b2c27c,False,True
706,2019-09-22 16:00,6.6,0.15,ee086473-da56-41a2-af66-7dc9d3729574,False,False
707,2019-09-22 17:00,3.4,0.15,134e6de7-f194-45c5-8cdd-a5ffdf266c7b,False,True
708,2019-09-22 17:00,3.4,0.15,80f24f73-deac-4aa6-aea4-575cb7013be3,False,False
709,2019-09-22 17:00,3.2,0.15,6e053025-ed52-4726-87d5-3814f8b2c27c,False,True
710,2019-09-22 17:00,3.2,0.15,cd27502b-8ae6-46a1-986d-a5f0e32b4c12,False,False
711,2019-09-22 18:00,6.6,0.15,6f01cfb7-9bd0-4202-b137-ba869d9e553c,False,True
712,2019-09-22 18:00,6.6,0.15,ee086473-da56-41a2-af66-7dc9d3729574,False,False
713,2019-09-22 19:00,0.2,0.15,7b388736-909d-4c99-82e4-29c2b491235b,False,True
714,2019-09-22 19:00,0.2,0.15,85673b46-41fd-494e-a86a-d81da175d008,False,False
715,2019-09-22 19:00,5,0.15,820ce390-47d5-4870-8e2f-3cad63c6363a,False,True
716,2019-09-22 19:00,5,0.15,a9da08dc-2eeb-4560-9dd2-dabc004e4316,False,False
717,2019-09-22 23:00,6,0.15,6e053025-ed52-4726-87d5-3814f8b2c27c,False,True
718,2019-09-22 23:00,6,0.15,d404b8a9-8247-4f1f-85c1-07171f503a3f,False,False
719,2019-09-22 23:00,0.6,0.15,85673b46-41fd-494e-a86a-d81da175d008,False,True
720,2019-09-22 23:00,0.6,0.15,e9fa8b00-6bfc-4d7f-9a82-4697ea3ce1da,False,False
721,2019-09-23 00:00,6.6,0.15,b30cb197-2b1b-4d76-a94c-dd58cdeba618,False,True
722,2019-09-23 00:00,6.6,0.15,0b933a2a-11b5-4189-9e87-e92af712b421,False,False
723,2019-09-23 01:00,1.8,0.15,34e81b1a-5d68-4d9d-98c7-b061064c5a34,False,True
724,2019-09-23 01:00,1.8,0.15,497973f2-9cc5-4770-bba5-a5d835782d56,False,False
725,2019-09-23 11:00,3,0.15,85673b46-41fd-494e-a86a-d81da175d008,False,True
726,2019-09-23 11:00,3,0.15,6e053025-ed52-4726-87d5-3814f8b2c27c,False,False
727,2019-09-23 11:00,3.6,0.15,a9da08dc-2eeb-4560-9dd2-dabc004e4316,False,True
728,2019-09-23 11:00,3.6,0.15,85673b46-41fd-494e-a86a-d81da175d008,False,False
729,2019-09-23 12:00,2,0.15,820ce390-47d5-4870-8e2f-3cad63c6363a,False,True
730,2019-09-23 12:00,2,0.15,fee1d324-164a-4375-a7c0-bd70201f39c9,False,False
731,2019-09-23 12:00,2,0.15,d404b8a9-8247-4f1f-85c1-07171f503a3f,False,True
732,2019-09-23 12:00,2,0.15,b30cb197-2b1b-4d76-a94c-dd58cdeba618,False,False
733,2019-09-23 12:00,2,0.15,8c42da8c-7204-4fa7-adb0-b89d2e320131,False,True
734,2019-09-23 12:00,2,0.15,88de562f-4226-4caf-80fd-26831899610f,False,False
735,2019-09-23 12:00,2,0.15,e9fa8b00-6bfc-4d7f-9a82-4697ea3ce1da,False,True
736,2019-09-23 12:00,2,0.15,d404b8a9-8247-4f1f-85c1-07171f503a3f,False,False
737,2019-09-23 12:00,2.6,0.15,0b933a2a-11b5-4189-9e87-e92af712b421,False,True
738,2019-09-23 12:00,2.6,0.15,88de562f-4226-4caf-80fd-26831899610f,False,False
739,2019-09-23 12:00,1,0.15,b30cb197-2b1b-4d76-a94c-dd58cdeba618,False,True
740,2019-09-23 12:00,1,0.15,85673b46-41fd-494e-a86a-d81da175d008,False,False
741,2019-09-23 12:00,3.4,0.15,b30cb197-2b1b-4d76-a94c-dd58cdeba618,False,True
742,2019-09-23 12:00,3.4,0.15,faa00a99-8ea5-43d2-9f69-f0100a97dc5e,False,False
743,2019-09-23 13:00,2,0.15,8c42da8c-7204-4fa7-adb0-b89d2e320131,False,True
744,2019-09-23 13:00,2,0.15,faa00a99-8ea5-43d2-9f69-f0100a97dc5e,False,False
745,2019-09-23 13:00,1.4,0.15,cd27502b-8ae6-46a1-986d-a5f0e32b4c12,False,True
746,2019-09-23 13:00,1.4,0.15,ee086473-da56-41a2-af66-7dc9d3729574,False,False
747,2019-09-23 16:00,6,0.15,e9fa8b00-6bfc-4d7f-9a82-4697ea3ce1da,False,True
748,2019-09-23 16:00,6,0.15,b30cb197-2b1b-4d76-a94c-dd58cdeba618,False,False
749,2019-09-23 16:00,0.6,0.15,820ce390-47d5-4870-8e2f-3cad63c6363a,False,True
750,2019-09-23 16:00,0.6,0.15,cd7425f9-8fc8-4667-91f1-11a959c87639,False,False
751,2019-09-23 17:00,2,0.15,497973f2-9cc5-4770-bba5-a5d835782d56,False,True
752,2019-09-23 17:00,2,0.15,b30cb197-2b1b-4d76-a94c-dd58cdeba618,False,False
753,2019-09-23 17:00,1.4,0.15,6f01cfb7-9bd0-4202-b137-ba869d9e553c,False,True
754,2019-09-23 17:00,1.4,0.15,ee086473-da56-41a2-af66-7dc9d3729574,False,False
755,2019-09-23 23:00,6.6,0.15,497973f2-9cc5-4770-bba5-a5d835782d56,False,True
756,2019-09-23 23:00,6.6,0.15,497973f2-9cc5-4770-bba5-a5d835782d56,False,False
757,2019-09-23 23:00,10,0.15,497973f2-9cc5-4770-bba5-a5d835782d56,False,True
758,2019-09-23 23:00,10,0.15,6e053025-ed52-4726-87d5-3814f8b2c27c,False,False
759,2019-09-23 23:00,10,0.15,e9fa8b00-6bfc-4d7f-9a82-4697ea3ce1da,False,True
760,2019-09-23 23:00,10,0.15,790afc22-e36c-460d-a50b-eece3ef70530,False,False
761,2019-09-23 23:00,8.4,0.15,fee1d324-164a-4375-a7c0-bd70201f39c9,False,True
762,2019-09-23 23:00,8.4,0.15,cd7425f9-8fc8-4667-91f1-11a959c87639,False,False
763,2019-09-24 04:00,5,0.15,faa00a99-8ea5-43d2-9f69-f0100a97dc5e,False,True
764,2019-09-24 04:00,5,0.15,790afc22-e36c-460d-a50b-eece3ef70530,False,False
765,2019-09-24 17:00,6.6,0.15,a9da08dc-2eeb-4560-9dd2-dabc004e4316,False,True
766,2019-09-24 17:00,6.6,0.15,80f24f73-deac-4aa6-aea4-575cb7013be3,False,False
767,2019-09-24 18:00,6.6,0.15,6e053025-ed52-4726-87d5-3814f8b2c27c,False,True
768,2019-09-24 18:00,6.6,0.15,6e053025-ed52-4726-87d5-3814f8b2c27c,False,False
769,2019-09-24 19:00,1.8,0.15,8c42da8c-7204-4fa7-adb0-b89d2e320131,False,True
770,2019-09-24 19:00,1.8,0.15,082c6389-a826-4c26-9e0f-da72bc488ffa,False,False
771,2019-09-19 09:00,5,0.15,764dda24-e173-4e70-a821-414058dfb00a,False,True
772,2019-09-19 09:00,5,0.15,6e053025-ed52-4726-87d5-3814f8b2c27c,False,False
773,2019-09-19 16:00,6.6,0.15,e9fa8b00-6bfc-4d7f-9a82-4697ea3ce1da,False,True
774,2019-09-19 16:00,6.6,0.15,cd27502b-8ae6-46a1-986d-a5f0e32b4c12,False,False
775,2019-09-19 17:00,6.6,0.15,80f24f73-deac-4aa6-aea4-575cb7013be3,False,True
776,2019-09-19 17:00,6.6,0.15,80f24f73-deac-4aa6-aea4-575cb7013be3,False,False
777,2019-09-19 18:00,15,0.15,134e6de7-f194-45c5-8cdd-a5ffdf266c7b,False,True
778,2019-09-19 18:00,15,0.15,497973f2-9cc5-4770-bba5-a5d835782d56,False,False
779,2019-09-19 18:00,6.6,0.15,e9fa8b00-6bfc-4d7f-9a82-4697ea3ce1da,False,True
780,2019-09-19 18:00,6.6,0.15,a9da08dc-2eeb-4560-9dd2-dabc004e4316,False,False
781,2019-09-19 19:00,0.2,0.15,ee086473-da56-41a2-af66-7dc9d3729574,False,True
782,2019-09-19 19:00,0.2,0.15,b30cb197-2b1b-4d76-a94c-dd58cdeba618,False,False
783,2019-09-20 00:00,6.6,0.15,790afc22-e36c-460d-a50b-eece3ef70530,False,True
784,2019-09-20 00:00,6.6,0.15,820ce390-47d5-4870-8e2f-3cad63c6363a,False,False
785,2019-09-20 01:00,6.6,0.15,6e053025-ed52-4726-87d5-3814f8b2c27c,False,True
786,2019-09-20 01:00,6.6,0.15,6f01cfb7-9bd0-4202-b137-ba869d9e553c,False,False
787,2019-09-20 02:00,6.6,0.15,764dda24-e173-4e70-a821-414058dfb00a,False,True
788,2019-09-20 02:00,6.6,0.15,faa00a99-8ea5-43d2-9f69-f0100a97dc5e,False,False
789,2019-09-20 03:00,0.2,0.15,7b388736-909d-4c99-82e4-29c2b491235b,False,True
790,2019-09-20 03:00,0.2,0.15,fee1d324-164a-4375-a7c0-bd70201f39c9,False,False
791,2019-09-20 03:00,5,0.15,b30cb197-2b1b-4d76-a94c-dd58cdeba618,False,True
792,2019-09-20 03:00,5,0.15,cd7425f9-8fc8-4667-91f1-11a959c87639,False,False
793,2019-09-26 10:00,5,0.15,88de562f-4226-4caf-80fd-26831899610f,False,True
794,2019-09-26 10:00,5,0.15,134e6de7-f194-45c5-8cdd-a5ffdf266c7b,False,False
795,2019-09-26 16:00,5,0.15,497973f2-9cc5-4770-bba5-a5d835782d56,False,True
796,2019-09-26 16:00,5,0.15,d404b8a9-8247-4f1f-85c1-07171f503a3f,False,False
797,2019-09-26 22:00,20,0.15,790afc22-e36c-460d-a50b-eece3ef70530,False,True
798,2019-09-26 22:00,20,0.15,0b933a2a-11b5-4189-9e87-e92af712b421,False,False
799,2019-09-27 02:00,5,0.15,85673b46-41fd-494e-a86a-d81da175d008,False,True
800,2019-09-27 02:00,5,0.15,80f24f73-deac-4aa6-aea4-575cb7013be3,False,False
801,2019-09-27 11:00,5,0.15,fee1d324-164a-4375-a7c0-bd70201f39c9,False,True
802,2019-09-27 11:00,5,0.15,fee1d324-164a-4375-a7c0-bd70201f39c9,False,False
803,2019-09-27 14:00,6.6,0.15,e9fa8b00-6bfc-4d7f-9a82-4697ea3ce1da,False,True
804,2019-09-27 14:00,6.6,0.15,0b933a2a-11b5-4189-9e87-e92af712b421,False,False
805,2019-09-27 15:00,6.6,0.15,fee1d324-164a-4375-a7c0-bd70201f39c9,False,True
806,2019-09-27 15:00,6.6,0.15,082c6389-a826-4c26-9e0f-da72bc488ffa,False,False
807,2019-09-27 16:00,1.8,0.15,34e81b1a-5d68-4d9d-98c7-b061064c5a34,False,True
808,2019-09-27 16:00,1.8,0.15,ee086473-da56-41a2-af66-7dc9d3729574,False,False
809,2019-09-27 23:00,6.6,0.15,88de562f-4226-4caf-80fd-26831899610f,False,True
810,2019-09-27 23:00,6.6,0.15,134e6de7-f194-45c5-8cdd-a5ffdf266c7b,False,False
811,2019-09-28 00:00,6.6,0.15,9bff437d-1583-4aa1-b770-f6a818a53fb2,False,True
812,2019-09-28 00:00,6.6,0.15,e9fa8b00-6bfc-4d7f-9a82-4697ea3ce1da,False,False
813,2019-09-28 01:00,1.8,0.15,082c6389-a826-4c26-9e0f-da72bc488ffa,False,True
814,2019-09-28 01:00,1.8,0.15,6f01cfb7-9bd0-4202-b137-ba869d9e553c,False,False
815,2019-09-28 09:00,5,0.15,cd7425f9-8fc8-4667-91f1-11a959c87639,False,True
816,2019-09-28 09:00,5,0.15,820ce390-47d5-4870-8e2f-3cad63c6363a,False,False
817,2019-09-28 10:00,5,0.15,764dda24-e173-4e70-a821-414058dfb00a,False,True
818,2019-09-28 10:00,5,0.15,134e6de7-f194-45c5-8cdd-a5ffdf266c7b,False,False
819,2019-09-28 11:00,6.6,0.15,85673b46-41fd-494e-a86a-d81da175d008,False,True
820,2019-09-28 11:00,6.6,0.15,9bff437d-1583-4aa1-b770-f6a818a53fb2,False,False
821,2019-09-28 12:00,3.4,0.15,88de562f-4226-4caf-80fd-26831899610f,False,True
822,2019-09-28 12:00,3.4,0.15,0b933a2a-11b5-4189-9e87-e92af712b421,False,False
823,2019-09-28 21:00,15,0.15,497973f2-9cc5-4770-bba5-a5d835782d56,False,True
824,2019-09-28 21:00,15,0.15,b30cb197-2b1b-4d76-a94c-dd58cdeba618,False,False
825,2019-09-29 09:00,5,0.15,820ce390-47d5-4870-8e2f-3cad63c6363a,False,True
826,2019-09-29 09:00,5,0.15,790afc22-e36c-460d-a50b-eece3ef70530,False,False
827,2019-09-29 09:00,6.6,0.15,cd7425f9-8fc8-4667-91f1-11a959c87639,False,True
828,2019-09-29 09:00,6.6,0.15,fee1d324-164a-4375-a7c0-bd70201f39c9,False,False
829,2019-09-29 10:00,3.4,0.15,cd7425f9-8fc8-4667-91f1-11a959c87639,False,True
830,2019-09-29 10:00,3.4,0.15,cd27502b-8ae6-46a1-986d-a5f0e32b4c12,False,False
831,2019-09-29 14:00,5,0.15,cd7425f9-8fc8-4667-91f1-11a959c87639,False,True
832,2019-09-29 14:00,5,0.15,a9da08dc-2eeb-4560-9dd2-dabc004e4316,False,False
833,2019-09-29 15:00,6.6,0.15,85673b46-41fd-494e-a86a-d81da175d008,False,True
834,2019-09-29 15:00,6.6,0.15,b30cb197-2b1b-4d76-a94c-dd58cdeba618,False,False
835,2019-09-29 16:00,6.6,0.15,0b933a2a-11b5-4189-9e87-e92af712b421,False,True
836,2019-09-29 16:00,6.6,0.15,d404b8a9-8247-4f1f-85c1-07171f503a3f,False,False
837,2019-09-29 17:00,6.6,0.15,790afc22-e36c-460d-a50b-eece3ef70530,False,True
838,2019-09-29 17:00,6.6,0.15,e9fa8b00-6bfc-4d7f-9a82-4697ea3ce1da,False,False
839,2019-09-29 17:00,15,0.15,85673b46-41fd-494e-a86a-d81da175d008,False,True
840,2019-09-29 17:00,15,0.15,082c6389-a826-4c26-9e0f-da72bc488ffa,False,False
841,2019-09-29 18:00,6.6,0.15,fee1d324-164a-4375-a7c0-bd70201f39c9,False,True
842,2019-09-29 18:00,6.6,0.15,764dda24-e173-4e70-a821-414058dfb00a,False,False
843,2019-09-29 19:00,3.6,0.15,ee086473-da56-41a2-af66-7dc9d3729574,False,True
844,2019-09-29 19:00,3.6,0.15,d404b8a9-8247-4f1f-85c1-07171f503a3f,False,False
845,2019-09-30 12:00,6.6,0.15,9bff437d-1583-4aa1-b770-f6a818a53fb2,False,True
846,2019-09-30 12:00,6.6,0.15,cd7425f9-8fc8-4667-91f1-11a959c87639,False,False
847,2019-09-30 13:00,3.4,0.15,0b933a2a-11b5-4189-9e87-e92af712b421,False,True
848,2019-09-30 13:00,3.4,0.15,764dda24-e173-4e70-a821-414058dfb00a,False,False
849,2019-09-30 14:00,10,0.15,85673b46-41fd-494e-a86a-d81da175d008,False,True
850,2019-09-30 14:00,10,0.15,764dda24-e173-4e70-a821-414058dfb00a,False,False
851,2019-09-30 18:00,20,0.15,80f24f73-deac-4aa6-aea4-575cb7013be3,False,True
852,2019-09-30 18:00,20,0.15,764dda24-e173-4e70-a821-414058dfb00a,False,False
853,2019-10-01 01:00,5,0.15,8c42da8c-7204-4fa7-adb0-b89d2e320131,False,True
854,2019-10-01 01:00,5,0.15,6f01cfb7-9bd0-4202-b137-ba869d9e553c,False,False
855,2019-10-01 11:00,6.6,0.15,d404b8a9-8247-4f1f-85c1-07171f503a3f,False,True
856,2019-10-01 11:00,6.6,0.15,8c42da8c-7204-4fa7-adb0-b89d2e320131,False,False
857,2019-10-01 12:00,3.4,0.15,820ce390-47d5-4870-8e2f-3cad63c6363a,False,True
858,2019-10-01 12:00,3.4,0.15,134e6de7-f194-45c5-8cdd-a5ffdf266c7b,False,False
859,2019-10-01 23:00,6.6,0.15,082c6389-a826-4c26-9e0f-da72bc488ffa,False,True
860,2019-10-01 23:00,6.6,0.15,fee1d324-164a-4375-a7c0-bd70201f39c9,False,False
861,2019-10-02 00:00,6.6,0.15,820ce390-47d5-4870-8e2f-3cad63c6363a,False,True
862,2019-10-02 00:00,6.6,0.15,e9fa8b00-6bfc-4d7f-9a82-4697ea3ce1da,False,False
863,2019-10-02 01:00,1.8,0.15,764dda24-e173-4e70-a821-414058dfb00a,False,True
864,2019-10-02 01:00,1.8,0.15,80f24f73-deac-4aa6-aea4-575cb7013be3,False,False
865,2019-10-02 16:00,6.6,0.15,497973f2-9cc5-4770-bba5-a5d835782d56,False,True
866,2019-10-02 16:00,6.6,0.15,34e81b1a-5d68-4d9d-98c7-b061064c5a34,False,False
867,2019-10-02 17:00,6.6,0.15,fee1d324-164a-4375-a7c0-bd70201f39c9,False,True
868,2019-10-02 17:00,6.6,0.15,faa00a99-8ea5-43d2-9f69-f0100a97dc5e,False,False
869,2019-10-02 18:00,1.8,0.15,134e6de7-f194-45c5-8cdd-a5ffdf266c7b,False,True
870,2019-10-02 18:00,1.8,0.15,cd27502b-8ae6-46a1-986d-a5f0e32b4c12,False,False
871,2019-10-02 19:00,6.6,0.15,790afc22-e36c-460d-a50b-eece3ef70530,False,True
872,2019-10-02 19:00,6.6,0.15,cd7425f9-8fc8-4667-91f1-11a959c87639,False,False
873,2019-10-02 20:00,6.6,0.15,b30cb197-2b1b-4d76-a94c-dd58cdeba618,False,True
874,2019-10-02 20:00,6.6,0.15,80f24f73-deac-4aa6-aea4-575cb7013be3,False,False
875,2019-09-20 10:00,1.8,0.15,497973f2-9cc5-4770-bba5-a5d835782d56,False,True
876,2019-09-20 10:00,1.8,0.15,80f24f73-deac-4aa6-aea4-575cb7013be3,False,False
877,2019-09-20 12:00,30,0.15,faa00a99-8ea5-43d2-9f69-f0100a97dc5e,False,True
878,2019-09-20 12:00,30,0.15,cd27502b-8ae6-46a1-986d-a5f0e32b4c12,False,False
879,2019-10-03 01:00,5,0.15,faa00a99-8ea5-43d2-9f69-f0100a97dc5e,False,True
880,2019-10-03 01:00,5,0.15,cd27502b-8ae6-46a1-986d-a5f0e32b4c12,False,False
881,2019-10-03 17:00,6.6,0.15,80f24f73-deac-4aa6-aea4-575cb7013be3,False,True
882,2019-10-03 17:00,6.6,0.15,34e81b1a-5d68-4d9d-98c7-b061064c5a34,False,False
883,2019-10-03 18:00,6.6,0.15,80f24f73-deac-4aa6-aea4-575cb7013be3,False,True
884,2019-10-03 18:00,6.6,0.15,faa00a99-8ea5-43d2-9f69-f0100a97dc5e,False,False
885,2019-10-03 19:00,6.6,0.15,134e6de7-f194-45c5-8cdd-a5ffdf266c7b,False,True
886,2019-10-03 19:00,6.6,0.15,fee1d324-164a-4375-a7c0-bd70201f39c9,False,False
887,2019-10-03 20:00,5.2,0.15,7b388736-909d-4c99-82e4-29c2b491235b,False,True
888,2019-10-03 20:00,5.2,0.15,764dda24-e173-4e70-a821-414058dfb00a,False,False
889,2019-10-04 11:00,5,0.15,fee1d324-164a-4375-a7c0-bd70201f39c9,False,True
890,2019-10-04 11:00,5,0.15,7b388736-909d-4c99-82e4-29c2b491235b,False,False
891,2019-10-04 13:00,6.6,0.15,6f01cfb7-9bd0-4202-b137-ba869d9e553c,False,True
892,2019-10-04 13:00,6.6,0.15,faa00a99-8ea5-43d2-9f69-f0100a97dc5e,False,False
893,2019-10-04 14:00,6.6,0.15,6e053025-ed52-4726-87d5-3814f8b2c27c,False,True
894,2019-10-04 14:00,6.6,0.15,d404b8a9-8247-4f1f-85c1-07171f503a3f,False,False
895,2019-10-04 15:00,1.8,0.15,497973f2-9cc5-4770-bba5-a5d835782d56,False,True
896,2019-10-04 15:00,1.8,0.15,85673b46-41fd-494e-a86a-d81da175d008,False,False
897,2019-10-04 18:00,6.6,0.15,497973f2-9cc5-4770-bba5-a5d835782d56,False,True
898,2019-10-04 18:00,6.6,0.15,a9da08dc-2eeb-4560-9dd2-dabc004e4316,False,False
899,2019-10-04 19:00,6.6,0.15,497973f2-9cc5-4770-bba5-a5d835782d56,False,True
900,2019-10-04 19:00,6.6,0.15,85673b46-41fd-494e-a86a-d81da175d008,False,False
901,2019-10-04 20:00,1.8,0.15,fee1d324-164a-4375-a7c0-bd70201f39c9,False,True
902,2019-10-04 20:00,1.8,0.15,88de562f-4226-4caf-80fd-26831899610f,False,False
903,2019-10-05 06:00,5,0.15,80f24f73-deac-4aa6-aea4-575cb7013be3,False,True
904,2019-10-05 06:00,5,0.15,e9fa8b00-6bfc-4d7f-9a82-4697ea3ce1da,False,False
905,2019-09-21 22:00,5,0.15,34e81b1a-5d68-4d9d-98c7-b061064c5a34,False,True
906,2019-09-21 22:00,5,0.15,ee086473-da56-41a2-af66-7dc9d3729574,False,False
907,2019-09-22 02:00,5,0.15,cd27502b-8ae6-46a1-986d-a5f0e32b4c12,False,True
908,2019-09-22 02:00,5,0.15,80f24f73-deac-4aa6-aea4-575cb7013be3,False,False
909,2019-10-06 10:00,5,0.15,9bff437d-1583-4aa1-b770-f6a818a53fb2,False,True
910,2019-10-06 10:00,5,0.15,34e81b1a-5d68-4d9d-98c7-b061064c5a34,False,False
911,2019-10-06 12:00,5,0.15,082c6389-a826-4c26-9e0f-da72bc488ffa,False,True
912,2019-10-06 12:00,5,0.15,764dda24-e173-4e70-a821-414058dfb00a,False,False
913,2019-10-06 16:00,20,0.15,b30cb197-2b1b-4d76-a94c-dd58cdeba618,False,True
914,2019-10-06 16:00,20,0.15,134e6de7-f194-45c5-8cdd-a5ffdf266c7b,False,False
915,2019-10-06 16:00,5,0.15,ee086473-da56-41a2-af66-7dc9d3729574,False,True
916,2019-10-06 16:00,5,0.15,cd27502b-8ae6-46a1-986d-a5f0e32b4c12,False,False
917,2019-10-06 17:00,15,0.15,faa00a99-8ea5-43d2-9f69-f0100a97dc5e,False,True
918,2019-10-06 17:00,15,0.15,88de562f-4226-4caf-80fd-26831899610f,False,False
919,2019-10-07 11:00,6.6,0.15,9bff437d-1583-4aa1-b770-f6a818a53fb2,False,True
920,2019-10-07 11:00,6.6,0.15,85673b46-41fd-494e-a86a-d81da175d008,False,False
921,2019-10-03 00:00,3.4,0.15,cd7425f9-8fc8-4667-91f1-11a959c87639,False,True
922,2019-10-03 00:00,3.4,0.15,e9fa8b00-6bfc-4d7f-9a82-4697ea3ce1da,False,False
923,2019-10-03 02:00,6.6,0.15,134e6de7-f194-45c5-8cdd-a5ffdf266c7b,False,True
924,2019-10-03 02:00,6.6,0.15,7b388736-909d-4c99-82e4-29c2b491235b,False,False
925,2019-10-03 03:00,6.6,0.15,faa00a99-8ea5-43d2-9f69-f0100a97dc5e,False,True
926,2019-10-03 03:00,6.6,0.15,082c6389-a826-4c26-9e0f-da72bc488ffa,False,False
927,2019-10-03 04:00,6.6,0.15,764dda24-e173-4e70-a821-414058dfb00a,False,True
928,2019-10-03 04:00,6.6,0.15,9bff437d-1583-4aa1-b770-f6a818a53fb2,False,False
929,2019-10-03 05:00,5.2,0.15,85673b46-41fd-494e-a86a-d81da175d008,False,True
930,2019-10-03 05:00,5.2,0.15,a9da08dc-2eeb-4560-9dd2-dabc004e4316,False,False
931,2019-10-08 03:00,5,0.15,ee086473-da56-41a2-af66-7dc9d3729574,False,True
932,2019-10-08 03:00,5,0.15,6e053025-ed52-4726-87d5-3814f8b2c27c,False,False
933,2019-10-08 04:00,5,0.15,8c42da8c-7204-4fa7-adb0-b89d2e320131,False,True
934,2019-10-08 04:00,5,0.15,9bff437d-1583-4aa1-b770-f6a818a53fb2,False,False
935,2019-10-08 21:00,35,0.15,8c42da8c-7204-4fa7-adb0-b89d2e320131,False,True
936,2019-10-08 21:00,35,0.15,820ce390-47d5-4870-8e2f-3cad63c6363a,False,False
937,2019-10-08 23:00,5,0.15,a9da08dc-2eeb-4560-9dd2-dabc004e4316,False,True
938,2019-10-08 23:00,5,0.15,85673b46-41fd-494e-a86a-d81da175d008,False,False
939,2019-10-08 23:00,5,0.15,497973f2-9cc5-4770-bba5-a5d835782d56,False,True
940,2019-10-08 23:00,5,0.15,764dda24-e173-4e70-a821-414058dfb00a,False,False
941,2019-10-09 03:00,6.6,0.15,764dda24-e173-4e70-a821-414058dfb00a,False,True
942,2019-10-09 03:00,6.6,0.15,8c42da8c-7204-4fa7-adb0-b89d2e320131,False,False
943,2019-10-09 04:00,5,0.15,faa00a99-8ea5-43d2-9f69-f0100a97dc5e,False,True
944,2019-10-09 04:00,5,0.15,fee1d324-164a-4375-a7c0-bd70201f39c9,False,False
945,2019-10-09 04:00,3.4,0.15,8c42da8c-7204-4fa7-adb0-b89d2e320131,False,True
946,2019-10-09 04:00,3.4,0.15,6e053025-ed52-4726-87d5-3814f8b2c27c,False,False
947,2019-10-09 22:00,6.6,0.15,790afc22-e36c-460d-a50b-eece3ef70530,False,True
948,2019-10-09 22:00,6.6,0.15,a9da08dc-2eeb-4560-9dd2-dabc004e4316,False,False
949,2019-10-09 23:00,6.6,0.15,fee1d324-164a-4375-a7c0-bd70201f39c9,False,True
950,2019-10-09 23:00,6.6,0.15,764dda24-e173-4e70-a821-414058dfb00a,False,False
951,2019-10-09 23:00,6.6,0.15,d404b8a9-8247-4f1f-85c1-07171f503a3f,False,True
952,2019-10-09 23:00,6.6,0.15,faa00a99-8ea5-43d2-9f69-f0100a97dc5e,False,False
953,2019-10-09 23:00,20,0.15,764dda24-e173-4e70-a821-414058dfb00a,False,True
954,2019-10-09 23:00,20,0.15,0b933a2a-11b5-4189-9e87-e92af712b421,False,False
955,2019-10-10 00:00,6.6,0.15,a9da08dc-2eeb-4560-9dd2-dabc004e4316,False,True
956,2019-10-10 00:00,6.6,0.15,7b388736-909d-4c99-82e4-29c2b491235b,False,False
957,2019-10-10 00:00,6.6,0.15,88de562f-4226-4caf-80fd-26831899610f,False,True
958,2019-10-10 00:00,6.6,0.15,6f01cfb7-9bd0-4202-b137-ba869d9e553c,False,False
959,2019-10-10 01:00,6.6,0.15,0b933a2a-11b5-4189-9e87-e92af712b421,False,True
960,2019-10-10 01:00,6.6,0.15,fee1d324-164a-4375-a7c0-bd70201f39c9,False,False
961,2019-10-10 01:00,6.6,0.15,0b933a2a-11b5-4189-9e87-e92af712b421,False,True
962,2019-10-10 01:00,6.6,0.15,497973f2-9cc5-4770-bba5-a5d835782d56,False,False
963,2019-10-10 02:00,3.6,0.15,d404b8a9-8247-4f1f-85c1-07171f503a3f,False,True
964,2019-10-10 02:00,3.6,0.15,ee086473-da56-41a2-af66-7dc9d3729574,False,False
965,2019-10-10 02:00,6.6,0.15,9bff437d-1583-4aa1-b770-f6a818a53fb2,False,True
966,2019-10-10 02:00,6.6,0.15,497973f2-9cc5-4770-bba5-a5d835782d56,False,False
967,2019-10-10 03:00,3.6,0.15,790afc22-e36c-460d-a50b-eece3ef70530,False,True
968,2019-10-10 03:00,3.6,0.15,ee086473-da56-41a2-af66-7dc9d3729574,False,False
969,2019-10-10 12:00,10,0.15,b30cb197-2b1b-4d76-a94c-dd58cdeba618,False,True
970,2019-10-10 12:00,10,0.15,764dda24-e173-4e70-a821-414058dfb00a,False,False
971,2019-10-10 21:00,6.6,0.15,88de562f-4226-4caf-80fd-26831899610f,False,True
972,2019-10-10 21:00,6.6,0.15,820ce390-47d5-4870-8e2f-3cad63c6363a,False,False
973,2019-10-10 22:00,6.6,0.15,9bff437d-1583-4aa1-b770-f6a818a53fb2,False,True
974,2019-10-10 22:00,6.6,0.15,082c6389-a826-4c26-9e0f-da72bc488ffa,False,False
975,2019-10-10 23:00,1.8,0.15,6f01cfb7-9bd0-4202-b137-ba869d9e553c,False,True
976,2019-10-10 23:00,1.8,0.15,cd27502b-8ae6-46a1-986d-a5f0e32b4c12,False,False
977,2019-10-10 23:00,35,0.15,082c6389-a826-4c26-9e0f-da72bc488ffa,False,True
978,2019-10-10 23:00,35,0.15,082c6389-a826-4c26-9e0f-da72bc488ffa,False,False
979,2019-10-11 10:00,5,0.15,790afc22-e36c-460d-a50b-eece3ef70530,False,True
980,2019-10-11 10:00,5,0.15,820ce390-47d5-4870-8e2f-3cad63c6363a,False,False
981,2019-10-11 16:00,6.6,0.15,0b933a2a-11b5-4189-9e87-e92af712b421,False,True
982,2019-10-11 16:00,6.6,0.15,34e81b1a-5d68-4d9d-98c7-b061064c5a34,False,False
983,2019-10-11 17:00,6.6,0.15,ee086473-da56-41a2-af66-7dc9d3729574,False,True
984,2019-10-11 17:00,6.6,0.15,082c6389-a826-4c26-9e0f-da72bc488ffa,False,False
985,2019-10-11 18:00,1.8,0.15,34e81b1a-5d68-4d9d-98c7-b061064c5a34,False,True
986,2019-10-11 18:00,1.8,0.15,d404b8a9-8247-4f1f-85c1-07171f503a3f,False,False
987,2019-10-11 20:00,20,0.15,cd27502b-8ae6-46a1-986d-a5f0e32b4c12,False,True
988,2019-10-11 20:00,20,0.15,85673b46-41fd-494e-a86a-d81da175d008,False,False
989,2019-10-11 23:00,20,0.15,e9fa8b00-6bfc-4d7f-9a82-4697ea3ce1da,False,True
990,2019-10-11 23:00,20,0.15,0b933a2a-11b5-4189-9e87-e92af712b421,False,False
991,2019-10-12 07:00,5,0.15,80f24f73-deac-4aa6-aea4-575cb7013be3,False,True
992,2019-10-12 07:00,5,0.15,cd7425f9-8fc8-4667-91f1-11a959c87639,False,False
993,2019-10-12 11:00,5,0.15,8c42da8c-7204-4fa7-adb0-b89d2e320131,False,True
994,2019-10-12 11:00,5,0.15,85673b46-41fd-494e-a86a-d81da175d008,False,False
995,2019-10-12 16:00,6.6,0.15,faa00a99-8ea5-43d2-9f69-f0100a97dc5e,False,True
996,2019-10-12 16:00,6.6,0.15,497973f2-9cc5-4770-bba5-a5d835782d56,False,False
997,2019-10-12 17:00,6.6,0.15,7b388736-909d-4c99-82e4-29c2b491235b,False,True
998,2019-10-12 17:00,6.6,0.15,faa00a99-8ea5-43d2-9f69-f0100a97dc5e,False,False
999,2019-10-12 18:00,6.6,0.15,790afc22-e36c-460d-a50b-eece3ef70530,False,True
1000,2019-10-12 18:00,6.6,0.15,6f01cfb7-9bd0-4202-b137-ba869d9e553c,False,False
1001,2019-10-12 19:00,5.2,0.15,497973f2-9cc5-4770-bba5-a5d835782d56,False,True
1002,2019-10-12 19:00,5.2,0.15,d404b8a9-8247-4f1f-85c1-07171f503a3f,False,False
1003,2019-10-12 23:00,6.6,0.15,820ce390-47d5-4870-8e2f-3cad63c6363a,False,True
1004,2019-10-12 23:00,6.6,0.15,082c6389-a826-4c26-9e0f-da72bc488ffa,False,False
1005,2019-10-13 00:00,6.6,0.15,6f01cfb7-9bd0-4202-b137-ba869d9e553c,False,True
1006,2019-10-13 00:00,6.6,0.15,7b388736-909d-4c99-82e4-29c2b491235b,False,False
1007,2019-10-13 01:00,6.6,0.15,134e6de7-f194-45c5-8cdd-a5ffdf266c7b,False,True
1008,2019-10-13 01:00,6.6,0.15,faa00a99-8ea5-43d2-9f69-f0100a97dc5e,False,False
1009,2019-10-13 02:00,5,0.15,85673b46-41fd-494e-a86a-d81da175d008,False,True
1010,2019-10-13 02:00,5,0.15,7b388736-909d-4c99-82e4-29c2b491235b,False,False
1011,2019-10-13 02:00,6.6,0.15,ee086473-da56-41a2-af66-7dc9d3729574,False,True
1012,2019-10-13 02:00,6.6,0.15,85673b46-41fd-494e-a86a-d81da175d008,False,False
1013,2019-10-13 03:00,3.6,0.15,80f24f73-deac-4aa6-aea4-575cb7013be3,False,True
1014,2019-10-13 03:00,3.6,0.15,cd27502b-8ae6-46a1-986d-a5f0e32b4c12,False,False
1015,2019-10-13 12:00,5,0.15,790afc22-e36c-460d-a50b-eece3ef70530,False,True
1016,2019-10-13 12:00,5,0.15,0b933a2a-11b5-4189-9e87-e92af712b421,False,False
1017,2019-10-13 16:00,5,0.15,a9da08dc-2eeb-4560-9dd2-dabc004e4316,False,True
1018,2019-10-13 16:00,5,0.15,0b933a2a-11b5-4189-9e87-e92af712b421,False,False
1019,2019-10-13 19:00,6.6,0.15,88de562f-4226-4caf-80fd-26831899610f,False,True
1020,2019-10-13 19:00,6.6,0.15,764dda24-e173-4e70-a821-414058dfb00a,False,False
1021,2019-10-13 20:00,6.6,0.15,b30cb197-2b1b-4d76-a94c-dd58cdeba618,False,True
1022,2019-10-13 20:00,6.6,0.15,faa00a99-8ea5-43d2-9f69-f0100a97dc5e,False,False
1023,2019-10-13 21:00,6.6,0.15,b30cb197-2b1b-4d76-a94c-dd58cdeba618,False,True
1024,2019-10-13 21:00,6.6,0.15,80f24f73-deac-4aa6-aea4-575cb7013be3,False,False
1025,2019-10-13 22:00,6.6,0.15,faa00a99-8ea5-43d2-9f69-f0100a97dc5e,False,True
1026,2019-10-13 22:00,6.6,0.15,082c6389-a826-4c26-9e0f-da72bc488ffa,False,False
1027,2019-10-13 23:00,6.6,0.15,d404b8a9-8247-4f1f-85c1-07171f503a3f,False,True
1028,2019-10-13 23:00,6.6,0.15,fee1d324-164a-4375-a7c0-bd70201f39c9,False,False
1029,2019-10-14 00:00,2,0.15,082c6389-a826-4c26-9e0f-da72bc488ffa,False,True
1030,2019-10-14 00:00,2,0.15,8c42da8c-7204-4fa7-adb0-b89d2e320131,False,False
1031,2019-10-14 15:00,20,0.15,cd7425f9-8fc8-4667-91f1-11a959c87639,False,True
1032,2019-10-14 15:00,20,0.15,0b933a2a-11b5-4189-9e87-e92af712b421,False,False
1033,2019-10-14 19:00,6.6,0.15,cd27502b-8ae6-46a1-986d-a5f0e32b4c12,False,True
1034,2019-10-14 19:00,6.6,0.15,082c6389-a826-4c26-9e0f-da72bc488ffa,False,False
1035,2019-10-14 20:00,6.6,0.15,b30cb197-2b1b-4d76-a94c-dd58cdeba618,False,True
1036,2019-10-14 20:00,6.6,0.15,e9fa8b00-6bfc-4d7f-9a82-4697ea3ce1da,False,False
1037,2019-10-14 21:00,6.6,0.15,134e6de7-f194-45c5-8cdd-a5ffdf266c7b,False,True
1038,2019-10-14 21:00,6.6,0.15,b30cb197-2b1b-4d76-a94c-dd58cdeba618,False,False
1039,2019-10-14 22:00,5.2,0.15,d404b8a9-8247-4f1f-85c1-07171f503a3f,False,True
1040,2019-10-14 22:00,5.2,0.15,7b388736-909d-4c99-82e4-29c2b491235b,False,False
1041,2019-10-14 23:00,6.6,0.15,497973f2-9cc5-4770-bba5-a5d835782d56,False,True
1042,2019-10-14 23:00,6.6,0.15,80f24f73-deac-4aa6-aea4-575cb7013be3,False,False
1043,2019-10-15 00:00,6.6,0.15,790afc22-e36c-460d-a50b-eece3ef70530,False,True
1044,2019-10-15 00:00,6.6,0.15,134e6de7-f194-45c5-8cdd-a5ffdf266c7b,False,False
1045,2019-10-15 01:00,6.6,0.15,6e053025-ed52-4726-87d5-3814f8b2c27c,False,True
1046,2019-10-15 01:00,6.6,0.15,9bff437d-1583-4aa1-b770-f6a818a53fb2,False,False
1047,2019-10-15 02:00,0.2,0.15,88de562f-4226-4caf-80fd-26831899610f,False,True
1048,2019-10-15 02:00,0.2,0.15,b30cb197-2b1b-4d76-a94c-dd58cdeba618,False,False
1049,2019-10-15 09:00,6.6,0.15,faa00a99-8ea5-43d2-9f69-f0100a97dc5e,False,True
1050,2019-10-15 09:00,6.6,0.15,497973f2-9cc5-4770-bba5-a5d835782d56,False,False
1051,2019-10-15 10:00,5,0.15,ee086473-da56-41a2-af66-7dc9d3729574,False,True
1052,2019-10-15 10:00,5,0.15,820ce390-47d5-4870-8e2f-3cad63c6363a,False,False
1053,2019-10-15 10:00,6.6,0.15,fee1d324-164a-4375-a7c0-bd70201f39c9,False,True
1054,2019-10-15 10:00,6.6,0.15,0b933a2a-11b5-4189-9e87-e92af712b421,False,False
1055,2019-10-15 10:00,5,0.15,790afc22-e36c-460d-a50b-eece3ef70530,False,True
1056,2019-10-15 10:00,5,0.15,b30cb197-2b1b-4d76-a94c-dd58cdeba618,False,False
1057,2019-10-15 10:00,5,0.15,764dda24-e173-4e70-a821-414058dfb00a,False,True
1058,2019-10-15 10:00,5,0.15,790afc22-e36c-460d-a50b-eece3ef70530,False,False
1059,2019-10-15 11:00,1.8,0.15,cd27502b-8ae6-46a1-986d-a5f0e32b4c12,False,True
1060,2019-10-15 11:00,1.8,0.15,790afc22-e36c-460d-a50b-eece3ef70530,False,False
1061,2019-10-15 14:00,5,0.15,80f24f73-deac-4aa6-aea4-575cb7013be3,False,True
1062,2019-10-15 14:00,5,0.15,134e6de7-f194-45c5-8cdd-a5ffdf266c7b,False,False
1063,2019-10-16 11:00,6.6,0.15,8c42da8c-7204-4fa7-adb0-b89d2e320131,False,True
1064,2019-10-16 11:00,6.6,0.15,6f01cfb7-9bd0-4202-b137-ba869d9e553c,False,False
1065,2019-10-16 11:00,6.6,0.15,082c6389-a826-4c26-9e0f-da72bc488ffa,False,True
1066,2019-10-16 11:00,6.6,0.15,b30cb197-2b1b-4d76-a94c-dd58cdeba618,False,False
1067,2019-10-16 12:00,3.4,0.15,6e053025-ed52-4726-87d5-3814f8b2c27c,False,True
1068,2019-10-16 12:00,3.4,0.15,34e81b1a-5d68-4d9d-98c7-b061064c5a34,False,False
1069,2019-10-16 12:00,3.4,0.15,b30cb197-2b1b-4d76-a94c-dd58cdeba618,False,True
1070,2019-10-16 12:00,3.4,0.15,082c6389-a826-4c26-9e0f-da72bc488ffa,False,False
1071,2019-10-16 18:00,20,0.15,cd27502b-8ae6-46a1-986d-a5f0e32b4c12,False,True
1072,2019-10-16 18:00,20,0.15,9bff437d-1583-4aa1-b770-f6a818a53fb2,False,False
1073,2019-10-17 00:00,6.6,0.15,497973f2-9cc5-4770-bba5-a5d835782d56,False,True
1074,2019-10-17 00:00,6.6,0.15,faa00a99-8ea5-43d2-9f69-f0100a97dc5e,False,False
1075,2019-10-17 01:00,6.6,0.15,88de562f-4226-4caf-80fd-26831899610f,False,True
1076,2019-10-17 01:00,6.6,0.15,0b933a2a-11b5-4189-9e87-e92af712b421,False,False
1077,2019-10-17 02:00,1.8,0.15,e9fa8b00-6bfc-4d7f-9a82-4697ea3ce1da,False,True
1078,2019-10-17 02:00,1.8,0.15,a9da08dc-2eeb-4560-9dd2-dabc004e4316,False,False
1079,2019-10-17 15:00,10,0.15,497973f2-9cc5-4770-bba5-a5d835782d56,False,True
1080,2019-10-17 15:00,10,0.15,082c6389-a826-4c26-9e0f-da72bc488ffa,False,False
1081,2019-10-17 19:00,6.6,0.15,764dda24-e173-4e70-a821-414058dfb00a,False,True
1082,2019-10-17 19:00,6.6,0.15,8c42da8c-7204-4fa7-adb0-b89d2e320131,False,False
1083,2019-10-17 20:00,6.6,0.15,d404b8a9-8247-4f1f-85c1-07171f503a3f,False,True
1084,2019-10-17 20:00,6.6,0.15,7b388736-909d-4c99-82e4-29c2b491235b,False,False
1085,2019-10-17 21:00,6.6,0.15,820ce390-47d5-4870-8e2f-3cad63c6363a,False,True
1086,2019-10-17 21:00,6.6,0.15,85673b46-41fd-494e-a86a-d81da175d008,False,False
1087,2019-10-17 22:00,5.2,0.15,80f24f73-deac-4aa6-aea4-575cb7013be3,False,True
1088,2019-10-17 22:00,5.2,0.15,88de562f-4226-4caf-80fd-26831899610f,False,False
1089,2019-10-17 23:00,6.6,0.15,0b933a2a-11b5-4189-9e87-e92af712b421,False,True
1090,2019-10-17 23:00,6.6,0.15,0b933a2a-11b5-4189-9e87-e92af712b421,False,False
1091,2019-10-17 23:00,15,0.15,b30cb197-2b1b-4d76-a94c-dd58cdeba618,False,True
1092,2019-10-17 23:00,15,0.15,134e6de7-f194-45c5-8cdd-a5ffdf266c7b,False,False
1093,2019-10-18 00:00,6.6,0.15,b30cb197-2b1b-4d76-a94c-dd58cdeba618,False,True
1094,2019-10-18 00:00,6.6,0.15,a9da08dc-2eeb-4560-9dd2-dabc004e4316,False,False
1095,2019-10-18 01:00,5,0.15,082c6389-a826-4c26-9e0f-da72bc488ffa,False,True
1096,2019-10-18 01:00,5,0.15,790afc22-e36c-460d-a50b-eece3ef70530,False,False
1097,2019-10-18 01:00,6.6,0.15,6f01cfb7-9bd0-4202-b137-ba869d9e553c,False,True
1098,2019-10-18 01:00,6.6,0.15,e9fa8b00-6bfc-4d7f-9a82-4697ea3ce1da,False,False
1099,2019-10-18 02:00,6.6,0.15,0b933a2a-11b5-4189-9e87-e92af712b421,False,True
1100,2019-10-18 02:00,6.6,0.15,6e053025-ed52-4726-87d5-3814f8b2c27c,False,False
1101,2019-10-18 03:00,6.6,0.15,e9fa8b00-6bfc-4d7f-9a82-4697ea3ce1da,False,True
1102,2019-10-18 03:00,6.6,0.15,faa00a99-8ea5-43d2-9f69-f0100a97dc5e,False,False
1103,2019-10-18 04:00,6.6,0.15,d404b8a9-8247-4f1f-85c1-07171f503a3f,False,True
1104,2019-10-18 04:00,6.6,0.15,85673b46-41fd-494e-a86a-d81da175d008,False,False
1105,2019-10-18 05:00,0.4,0.15,082c6389-a826-4c26-9e0f-da72bc488ffa,False,True
1106,2019-10-18 05:00,0.4,0.15,0b933a2a-11b5-4189-9e87-e92af712b421,False,False
1107,2019-10-18 12:00,5,0.15,8c42da8c-7204-4fa7-adb0-b89d2e320131,False,True
1108,2019-10-18 12:00,5,0.15,a9da08dc-2eeb-4560-9dd2-dabc004e4316,False,False
1109,2019-10-18 14:00,6.6,0.15,9bff437d-1583-4aa1-b770-f6a818a53fb2,False,True
1110,2019-10-18 14:00,6.6,0.15,88de562f-4226-4caf-80fd-26831899610f,False,False
1111,2019-10-18 15:00,3.4,0.15,820ce390-47d5-4870-8e2f-3cad63c6363a,False,True
1112,2019-10-18 15:00,3.4,0.15,ee086473-da56-41a2-af66-7dc9d3729574,False,False
1113,2019-10-18 16:00,6.6,0.15,820ce390-47d5-4870-8e2f-3cad63c6363a,False,True
1114,2019-10-18 16:00,6.6,0.15,34e81b1a-5d68-4d9d-98c7-b061064c5a34,False,False
1115,2019-10-18 17:00,3.4,0.15,0b933a2a-11b5-4189-9e87-e92af712b421,False,True
1116,2019-10-18 17:00,3.4,0.15,cd27502b-8ae6-46a1-986d-a5f0e32b4c12,False,False
1117,2019-10-18 23:00,10,0.15,cd27502b-8ae6-46a1-986d-a5f0e32b4c12,False,True
1118,2019-10-18 23:00,10,0.15,0b933a2a-11b5-4189-9e87-e92af712b421,False,False
1119,2019-10-19 04:00,5,0.15,6f01cfb7-9bd0-4202-b137-ba869d9e553c,False,True
1120,2019-10-19 04:00,5,0.15,082c6389-a826-4c26-9e0f-da72bc488ffa,False,False
1121,2019-10-19 17:00,10,0.15,faa00a99-8ea5-43d2-9f69-f0100a97dc5e,False,True
1122,2019-10-19 17:00,10,0.15,cd27502b-8ae6-46a1-986d-a5f0e32b4c12,False,False
1123,2019-10-19 18:00,6.6,0.15,a9da08dc-2eeb-4560-9dd2-dabc004e4316,False,True
1124,2019-10-19 18:00,6.6,0.15,764dda24-e173-4e70-a821-414058dfb00a,False,False
1125,2019-10-19 19:00,6.6,0.15,082c6389-a826-4c26-9e0f-da72bc488ffa,False,True
1126,2019-10-19 19:00,6.6,0.15,34e81b1a-5d68-4d9d-98c7-b061064c5a34,False,False
1127,2019-10-19 20:00,6.6,0.15,fee1d324-164a-4375-a7c0-bd70201f39c9,False,True
1128,2019-10-19 20:00,6.6,0.15,d404b8a9-8247-4f1f-85c1-07171f503a3f,False,False
1129,2019-10-19 21:00,6.6,0.15,cd7425f9-8fc8-4667-91f1-11a959c87639,False,True
1130,2019-10-19 21:00,6.6,0.15,34e81b1a-5d68-4d9d-98c7-b061064c5a34,False,False
1131,2019-10-19 22:00,3.6,0.15,820ce390-47d5-4870-8e2f-3cad63c6363a,False,True
1132,2019-10-19 22:00,3.6,0.15,85673b46-41fd-494e-a86a-d81da175d008,False,False
1133,2019-10-19 22:00,6.6,0.15,85673b46-41fd-494e-a86a-d81da175d008,False,True
1134,2019-10-19 22:00,6.6,0.15,764dda24-e173-4e70-a821-414058dfb00a,False,False
1135,2019-10-19 23:00,6.6,0.15,082c6389-a826-4c26-9e0f-da72bc488ffa,False,True
1136,2019-10-19 23:00,6.6,0.15,497973f2-9cc5-4770-bba5-a5d835782d56,False,False
1137,2019-10-20 00:00,6.6,0.15,ee086473-da56-41a2-af66-7dc9d3729574,False,True
1138,2019-10-20 00:00,6.6,0.15,790afc22-e36c-460d-a50b-eece3ef70530,False,False
1139,2019-10-20 01:00,0.2,0.15,e9fa8b00-6bfc-4d7f-9a82-4697ea3ce1da,False,True
1140,2019-10-20 01:00,0.2,0.15,820ce390-47d5-4870-8e2f-3cad63c6363a,False,False
1141,2019-10-20 13:00,20,0.15,faa00a99-8ea5-43d2-9f69-f0100a97dc5e,False,True
1142,2019-10-20 13:00,20,0.15,cd27502b-8ae6-46a1-986d-a5f0e32b4c12,False,False
1143,2019-10-20 17:00,5,0.15,b30cb197-2b1b-4d76-a94c-dd58cdeba618,False,True
1144,2019-10-20 17:00,5,0.15,88de562f-4226-4caf-80fd-26831899610f,False,False
1145,2019-10-20 23:00,20,0.15,b30cb197-2b1b-4d76-a94c-dd58cdeba618,False,True
1146,2019-10-20 23:00,20,0.15,790afc22-e36c-460d-a50b-eece3ef70530,,
